,Customer Id,Age,Edu,Years Employed,Income,Card Debt,Other Debt,Defaulted,Address,DebtIncomeRatio,Category
0,1,41,2,6,19,0.124,1.073,0.0,NBA001,6.3,5
1,2,47,1,26,100,4.582,8.218,0.0,NBA021,12.8,4
2,3,33,2,10,57,6.111000000000001,5.8020000000000005,1.0,NBA013,20.9,6
3,4,29,2,4,19,0.6809999999999999,0.516,0.0,NBA009,6.3,5
4,5,47,1,31,253,9.308,8.908,0.0,NBA008,7.2,7
5,6,40,1,23,81,0.998,7.831,,NBA016,10.9,1
6,7,38,2,4,56,0.442,0.45399999999999996,0.0,NBA013,1.6,5
7,8,42,3,0,64,0.27899999999999997,3.945,0.0,NBA009,6.6,3
8,9,26,1,5,18,0.575,2.215,,NBA006,15.5,5
9,10,47,3,23,115,0.653,3.947,0.0,NBA011,4.0,1
10,11,44,3,8,88,0.285,5.083,1.0,NBA010,6.1,3
11,12,34,2,9,40,0.374,0.266,,NBA003,1.6,5
12,13,24,1,7,18,0.526,0.643,0.0,NBA000,6.5,5
13,14,46,1,6,30,1.415,3.865,,NBA019,17.6,5
14,15,28,3,2,20,0.233,1.6469999999999998,1.0,NBA000,9.4,0
15,16,24,1,1,16,0.185,1.287,,NBA005,9.2,5
16,17,29,1,1,17,0.132,0.293,0.0,NBA004,2.5,5
17,18,43,4,1,26,1.5190000000000001,1.237,0.0,NBA005,10.6,3
18,19,44,1,18,61,2.806,3.782,,NBA000,10.8,1
19,20,36,1,16,32,0.544,2.944,,NBA013,10.9,1
20,21,29,2,6,25,0.585,0.465,0.0,NBA009,4.2,5
21,22,36,3,10,43,0.961,4.629,0.0,NBA004,13.0,3
22,23,28,3,6,47,5.574,3.7319999999999998,1.0,NBA008,19.8,6
23,24,45,1,19,77,2.303,4.165,0.0,NBA022,8.4,1
24,25,37,4,10,123,3.022,18.257,0.0,NBA018,17.3,4
25,26,43,1,9,66,2.3409999999999997,3.467,,NBA008,8.8,1
26,27,24,1,4,21,0.099,0.447,0.0,NBA002,2.6,5
27,28,37,1,19,38,2.591,2.539,,NBA007,13.5,1
28,29,38,2,13,59,0.408,1.008,0.0,NBA000,2.4,1
29,30,34,2,9,45,1.1179999999999999,3.427,0.0,NBA013,10.1,5
30,31,40,3,18,100,1.485,1.015,0.0,NBA006,2.5,1
31,32,42,2,12,55,2.533,5.7170000000000005,0.0,NBA009,15.0,4
32,33,23,2,0,42,1.0190000000000001,0.619,1.0,NBA001,3.9,0
33,34,40,3,5,28,1.263,1.537,,NBA018,10.0,3
34,35,28,1,12,45,1.854,1.611,0.0,NBA007,7.7,5
35,36,33,2,5,37,1.0290000000000001,2.079,,NBA002,8.4,5
36,37,35,3,5,37,0.581,1.4169999999999998,1.0,NBA003,5.4,0
37,38,37,1,0,18,1.584,0.738,1.0,NBA018,12.9,0
38,39,22,1,1,18,0.27,0.522,0.0,NBA000,4.4,5
39,40,39,3,16,126,1.405,7.162999999999999,,NBA010,6.8,4
40,41,20,1,4,14,0.201,1.157,1.0,NBA000,9.7,0
41,42,48,3,17,113,3.3760000000000003,10.184,0.0,NBA026,12.0,4
42,43,28,2,5,34,3.0989999999999998,4.993,0.0,NBA009,23.8,6
43,44,37,5,9,177,0.888,9.555,0.0,NBA016,5.9,3
44,45,48,1,3,27,1.403,4.348,0.0,NBA011,21.3,5
45,46,45,3,9,84,1.276,9.728,,NBA000,13.1,4
46,47,22,1,4,14,0.225,2.225,0.0,NBA003,17.5,5
47,48,30,1,4,21,0.22899999999999998,0.506,,NBA002,3.5,5
48,49,28,1,3,19,0.261,0.518,0.0,NBA007,4.1,5
49,50,29,2,10,61,0.7979999999999999,2.984,,NBA003,6.2,5
50,51,47,1,22,81,1.506,2.949,0.0,NBA019,5.5,1
51,52,36,1,11,33,1.266,9.459,0.0,NBA002,32.5,6
52,53,24,1,3,19,1.358,3.278,1.0,NBA004,24.4,6
53,54,56,1,19,66,0.847,1.331,,NBA026,3.3,1
54,55,29,3,5,70,3.176,10.754000000000001,1.0,NBA006,19.9,6
55,56,34,1,2,25,0.573,2.577,1.0,NBA011,12.6,0
56,57,32,1,1,20,0.315,0.645,1.0,NBA000,4.8,0
57,58,27,3,2,26,0.722,0.838,0.0,NBA007,6.0,3
58,59,40,1,9,64,0.79,3.4339999999999997,0.0,NBA004,6.6,1
59,60,50,1,11,36,0.835,0.893,0.0,NBA005,4.8,1
60,61,39,1,17,60,2.45,5.77,0.0,NBA020,13.7,1
61,62,34,1,18,34,2.1,3.136,0.0,NBA010,15.4,1
62,63,36,1,18,67,5.245,2.259,0.0,NBA009,11.2,1
63,64,44,2,18,74,4.522,5.394,0.0,NBA004,13.4,4
64,65,24,2,4,20,0.324,0.41600000000000004,0.0,NBA004,3.7,5
65,66,31,1,8,44,1.7209999999999999,1.7990000000000002,0.0,NBA004,8.0,5
66,67,34,1,16,79,1.735,1.425,0.0,NBA009,4.0,1
67,68,26,1,4,27,2.472,0.363,1.0,NBA003,10.5,0
68,69,38,1,3,23,0.8320000000000001,2.549,0.0,NBA019,14.7,5
69,70,24,1,3,14,0.838,1.416,1.0,NBA000,16.1,0
70,71,30,3,8,61,0.55,1.158,0.0,NBA007,2.8,3
71,72,40,4,5,75,0.885,0.54,0.0,NBA006,1.9,3
72,73,30,2,12,98,2.935,4.121,0.0,NBA009,7.2,1
73,74,25,2,5,42,3.366,3.1439999999999997,,NBA003,15.5,5
74,75,29,1,9,33,0.6940000000000001,0.89,0.0,NBA002,4.8,5
75,76,33,1,5,18,0.985,1.337,0.0,NBA010,12.9,5
76,77,43,1,8,45,0.677,0.8079999999999999,0.0,NBA011,3.3,5
77,78,35,2,1,21,0.37,1.2890000000000001,0.0,NBA001,7.9,5
78,79,41,2,21,145,3.237,14.453,0.0,NBA022,12.2,4
79,80,46,2,18,55,0.419,2.001,,NBA018,4.4,1
80,81,33,1,12,68,1.3659999999999999,5.978,0.0,NBA012,10.8,1
81,82,30,3,0,65,3.9,15.405,1.0,NBA008,29.7,6
82,83,40,3,18,157,3.326,7.0360000000000005,0.0,NBA014,6.6,4
83,84,38,1,1,42,0.8909999999999999,2.931,,NBA009,9.1,5
84,85,49,2,11,51,0.5429999999999999,7.107,0.0,NBA001,15.0,1
85,86,26,1,0,15,0.386,0.424,,NBA002,5.4,5
86,87,22,4,0,25,1.4909999999999999,1.5590000000000002,,NBA001,12.2,3
87,88,29,2,2,16,0.433,1.247,,NBA004,10.5,5
88,89,28,2,8,31,1.492,1.05,1.0,NBA003,8.2,0
89,90,23,4,0,32,0.818,5.07,1.0,NBA004,18.4,0
90,91,37,2,11,75,0.633,1.992,0.0,NBA004,3.5,1
91,92,35,2,5,33,0.10300000000000001,0.821,0.0,NBA001,2.8,5
92,93,31,1,1,21,0.27699999999999997,0.248,1.0,NBA006,2.5,0
93,94,29,1,1,20,0.569,3.1510000000000002,1.0,NBA002,18.6,0
94,95,34,3,7,27,0.125,0.469,0.0,NBA000,2.2,3
95,96,47,2,7,49,0.254,0.187,,NBA024,0.9,1
96,97,37,1,5,27,0.419,2.119,,NBA011,9.4,5
97,98,38,1,10,34,0.036000000000000004,0.37200000000000005,0.0,NBA008,1.2,5
98,99,32,2,5,28,2.594,1.55,1.0,NBA000,14.8,0
99,100,22,3,0,20,0.21899999999999997,0.721,0.0,NBA002,4.7,5
100,101,30,1,7,33,1.165,7.2170000000000005,1.0,NBA002,25.4,6
101,102,38,4,13,126,7.6129999999999995,9.649,,NBA002,13.7,4
102,103,36,1,20,60,1.056,2.184,0.0,NBA015,5.4,1
103,104,44,1,5,48,1.97,2.35,1.0,NBA003,9.0,0
104,105,27,2,4,22,1.0859999999999999,1.818,1.0,NBA003,13.2,0
105,106,47,1,19,50,3.176,11.874,0.0,NBA007,30.1,4
106,107,41,1,7,32,0.07200000000000001,0.856,0.0,NBA022,2.9,5
107,108,25,1,8,27,1.0190000000000001,2.8689999999999998,0.0,NBA004,14.4,5
108,109,33,2,10,54,0.12,1.5,,NBA002,3.0,5
109,110,42,3,13,82,1.315,1.391,0.0,NBA000,3.3,1
110,111,36,1,14,53,1.8880000000000001,1.133,0.0,NBA017,5.7,1
111,112,25,4,0,32,2.14,3.492,0.0,NBA002,17.6,3
112,113,30,1,10,39,2.056,1.649,0.0,NBA011,9.5,5
113,114,24,1,0,16,1.0090000000000001,1.551,1.0,NBA002,16.0,0
114,115,32,1,7,23,0.861,1.393,,NBA010,9.8,5
115,116,39,2,9,32,1.43,0.682,0.0,NBA012,6.6,5
116,117,30,1,4,18,0.22699999999999998,1.699,0.0,NBA002,10.7,5
117,118,33,1,16,46,2.4,1.3259999999999998,,NBA012,8.1,1
118,119,32,2,12,63,5.55,5.916,0.0,NBA003,18.2,4
119,120,33,1,7,26,0.5429999999999999,1.0170000000000001,0.0,NBA006,6.0,5
120,121,29,2,6,21,0.369,2.046,0.0,NBA004,11.5,5
121,122,28,2,5,37,1.124,1.9469999999999998,0.0,NBA002,8.3,5
122,123,33,4,9,32,0.496,1.264,0.0,NBA008,5.5,3
123,124,39,2,16,53,0.6940000000000001,1.2670000000000001,0.0,NBA012,3.7,1
124,125,32,1,10,42,1.54,2.282,0.0,NBA011,9.1,5
125,126,46,1,9,72,0.828,2.772,,NBA006,5.0,1
126,127,32,2,3,47,0.429,0.46399999999999997,0.0,NBA013,1.9,5
127,128,28,2,5,25,0.33899999999999997,0.386,0.0,NBA006,2.9,5
128,129,26,1,2,21,1.023,3.135,0.0,NBA006,19.8,5
129,130,27,1,0,16,0.183,0.08900000000000001,0.0,NBA001,1.7,5
130,131,35,1,16,36,0.179,1.045,0.0,NBA015,3.4,1
131,132,35,1,16,57,1.143,4.842,0.0,NBA010,10.5,1
132,133,31,2,6,25,2.332,0.5429999999999999,0.0,NBA005,11.5,5
133,134,32,3,5,23,0.326,0.7090000000000001,0.0,NBA009,4.5,3
134,135,29,1,9,25,1.07,2.405,0.0,NBA000,13.9,5
135,136,35,4,4,29,1.844,1.3459999999999999,0.0,NBA016,11.0,3
136,137,48,2,21,86,0.146,0.8859999999999999,,NBA014,1.2,1
137,138,24,1,4,19,1.185,0.905,,NBA000,11.0,5
138,139,44,1,12,31,0.358,2.6489999999999996,0.0,NBA003,9.7,1
139,140,40,2,5,35,1.584,4.156000000000001,1.0,NBA012,16.4,6
140,141,36,2,13,41,2.918,3.806,1.0,NBA006,16.4,6
141,142,23,2,0,21,0.455,1.3719999999999999,0.0,NBA004,8.7,5
142,143,26,2,8,40,0.444,4.276,0.0,NBA001,11.8,5
143,144,30,1,8,23,0.762,1.9980000000000002,0.0,NBA006,12.0,5
144,145,34,1,12,68,7.817,9.251,1.0,NBA005,25.1,6
145,146,28,3,2,30,1.5219999999999998,4.448,0.0,NBA005,19.9,3
146,147,37,1,18,58,2.8680000000000003,3.1060000000000003,,NBA009,10.3,1
147,148,46,3,3,43,3.042,2.634,1.0,NBA013,13.2,6
148,149,24,2,1,42,0.838,1.556,0.0,NBA002,5.7,5
149,150,25,2,6,26,0.07,1.1,0.0,NBA002,4.5,5
150,151,33,1,14,37,0.19899999999999998,0.763,0.0,NBA002,2.6,5
151,152,46,1,7,41,0.585,9.009,,NBA006,23.4,4
152,153,38,3,4,31,1.3319999999999999,1.551,1.0,NBA006,9.3,0
153,154,47,1,3,21,0.068,3.1660000000000004,,NBA001,15.4,5
154,155,34,2,9,65,2.108,1.922,0.0,NBA009,6.2,5
155,156,35,1,16,37,4.213,2.151,,NBA000,17.2,1
156,157,39,1,22,113,0.987,1.9509999999999998,0.0,NBA009,2.6,1
157,158,44,1,24,101,2.992,2.6639999999999997,0.0,NBA010,5.6,1
158,159,28,2,1,24,1.338,2.766,1.0,NBA008,17.1,0
159,160,31,3,9,59,3.11,5.504,1.0,NBA007,14.6,6
160,161,24,1,1,20,0.325,0.495,,NBA000,4.1,5
161,162,36,3,13,39,2.801,4.687,0.0,NBA003,19.2,3
162,163,35,2,14,82,0.46799999999999997,0.188,0.0,NBA003,0.8,1
163,164,31,1,11,47,2.864,2.259,0.0,NBA012,10.9,5
164,165,28,2,6,22,0.65,1.88,0.0,NBA009,11.5,5
165,166,36,4,8,32,0.025,0.48700000000000004,0.0,NBA000,1.6,3
166,167,31,3,6,54,0.402,1.11,0.0,NBA008,2.8,3
167,168,30,1,11,27,0.07400000000000001,0.16899999999999998,0.0,NBA009,0.9,5
168,169,26,1,10,24,0.311,0.337,0.0,NBA006,2.7,5
169,170,48,4,3,45,0.975,3.435,0.0,NBA023,9.8,3
170,171,39,2,16,89,5.002,7.725,0.0,NBA009,14.3,4
171,172,31,1,7,20,0.111,2.349,0.0,NBA002,12.3,5
172,173,31,3,9,28,0.122,0.606,0.0,NBA002,2.6,3
173,174,27,3,3,45,0.292,4.658,1.0,NBA004,11.0,0
174,175,31,1,13,27,0.23800000000000002,1.112,0.0,NBA012,5.0,5
175,176,53,1,0,27,2.7539999999999996,5.0489999999999995,1.0,NBA026,28.9,6
176,177,40,1,15,55,0.856,2.169,0.0,NBA014,5.5,1
177,178,26,1,7,22,0.209,0.9129999999999999,0.0,NBA003,5.1,5
178,179,29,2,5,36,3.491,0.973,1.0,NBA004,12.4,0
179,180,52,1,19,89,0.397,3.786,0.0,NBA025,4.7,1
180,181,39,2,2,46,4.004,3.3560000000000003,1.0,NBA012,16.0,6
181,182,33,2,13,40,0.18100000000000002,2.699,0.0,NBA002,7.2,5
182,183,24,1,7,21,0.52,0.8029999999999999,0.0,NBA002,6.3,5
183,184,47,1,29,129,20.561,12.075999999999999,1.0,NBA018,25.3,7
184,185,41,3,2,15,1.9609999999999999,1.984,1.0,NBA000,26.3,6
185,186,26,2,6,45,6.0489999999999995,5.651,0.0,NBA007,26.0,6
186,187,48,1,3,24,0.764,0.9159999999999999,0.0,NBA007,7.0,5
187,188,37,1,13,24,0.602,1.534,0.0,NBA005,8.9,5
188,189,37,1,20,41,0.899,4.39,,NBA013,12.9,1
189,190,46,4,7,73,0.556,0.247,,NBA016,1.1,3
190,191,30,1,8,27,3.7439999999999998,1.7369999999999999,,NBA011,20.3,5
191,192,47,1,15,30,2.2119999999999997,5.138,0.0,NBA001,24.5,4
192,193,37,3,16,75,0.022000000000000002,0.053,,NBA008,0.1,1
193,194,37,2,0,31,0.11800000000000001,0.161,1.0,NBA013,0.9,0
194,195,40,2,15,73,1.033,1.449,0.0,NBA016,3.4,1
195,196,35,3,5,30,1.526,1.6540000000000001,,NBA013,10.6,3
196,197,21,2,0,16,0.15,0.938,0.0,NBA001,6.8,5
197,198,52,1,24,64,3.93,2.47,0.0,NBA014,10.0,1
198,199,47,3,16,221,15.792,23.104,1.0,NBA026,17.6,7
199,200,41,3,0,26,0.099,0.34299999999999997,0.0,NBA021,1.7,3
200,201,47,1,27,113,2.381,8.015,0.0,NBA008,9.2,4
201,202,38,2,0,21,0.612,0.354,,NBA018,4.6,5
202,203,22,3,1,25,1.9769999999999999,1.473,1.0,NBA003,13.8,0
203,204,39,1,8,21,0.276,0.564,0.0,NBA000,4.0,5
204,205,45,1,8,27,0.41600000000000004,0.28600000000000003,,NBA025,2.6,1
205,206,51,1,10,44,4.96,0.848,1.0,NBA001,13.2,6
206,207,33,2,10,26,0.031,0.775,0.0,NBA004,3.1,5
207,208,43,1,25,242,1.636,4.656000000000001,0.0,NBA016,2.6,4
208,209,40,1,22,95,0.633,2.787,0.0,NBA004,3.6,1
209,210,27,4,2,23,0.32,0.991,1.0,NBA008,5.7,0
210,211,31,1,11,25,0.141,2.134,0.0,NBA008,9.1,5
211,212,34,1,10,48,0.264,2.184,,NBA012,5.1,5
212,213,37,1,9,57,1.357,1.778,0.0,NBA008,5.5,5
213,214,44,4,18,78,0.565,0.215,,NBA023,1.0,3
214,215,42,1,3,24,0.667,1.8769999999999998,0.0,NBA010,10.6,5
215,216,25,1,3,16,1.011,1.837,1.0,NBA002,17.8,0
216,217,39,2,7,68,1.0170000000000001,7.8229999999999995,1.0,NBA002,13.0,6
217,218,26,4,1,64,7.754,7.1579999999999995,,NBA006,23.3,6
218,219,36,1,19,45,0.92,4.525,,NBA008,12.1,1
219,220,48,1,15,60,0.321,0.9390000000000001,0.0,NBA005,2.1,1
220,221,21,2,0,21,0.488,2.137,1.0,NBA002,12.5,0
221,222,40,3,17,116,2.5610000000000004,4.399,0.0,NBA011,6.0,1
222,223,31,2,9,30,0.602,1.138,0.0,NBA001,5.8,5
223,224,23,4,0,23,0.46799999999999997,1.073,0.0,NBA002,6.7,3
224,225,31,1,6,21,0.7290000000000001,1.014,0.0,NBA009,8.3,5
225,226,31,1,7,23,0.225,0.902,0.0,NBA010,4.9,5
226,227,50,3,18,102,5.782,8.6,0.0,NBA027,14.1,4
227,228,29,1,1,31,0.156,2.324,0.0,NBA008,8.0,5
228,229,37,3,5,29,1.405,5.729,0.0,NBA017,24.6,6
229,230,46,1,16,52,3.032,3.676,1.0,NBA018,12.9,6
230,231,39,1,9,35,0.233,1.517,0.0,NBA006,5.0,5
231,232,34,1,14,28,1.138,3.622,0.0,NBA008,17.0,5
232,233,27,1,11,56,4.637,4.827,0.0,NBA008,16.9,5
233,234,23,1,6,15,1.375,0.53,,NBA002,12.7,5
234,235,41,1,24,83,6.5889999999999995,5.031000000000001,0.0,NBA012,14.0,4
235,236,29,1,1,18,0.03,0.168,0.0,NBA001,1.1,5
236,237,44,1,19,40,0.344,4.016,,NBA009,10.9,1
237,238,24,2,0,15,0.321,2.094,1.0,NBA002,16.1,0
238,239,32,3,9,51,2.6860000000000004,9.044,0.0,NBA010,23.0,6
239,240,23,2,3,34,0.262,1.234,0.0,NBA004,4.4,5
240,241,31,1,4,28,0.29100000000000004,2.873,0.0,NBA010,11.3,5
241,242,36,1,15,39,0.6859999999999999,0.562,0.0,NBA010,3.2,1
242,243,25,1,3,31,0.8809999999999999,1.63,,NBA005,8.1,5
243,244,26,1,10,32,0.126,1.3780000000000001,0.0,NBA002,4.7,5
244,245,43,1,4,26,0.7509999999999999,1.095,,NBA011,7.1,5
245,246,47,1,29,169,0.349,3.3689999999999998,,NBA020,2.2,1
246,247,43,1,10,69,0.41100000000000003,4.005,0.0,NBA009,6.4,1
247,248,37,1,18,54,4.593,1.9409999999999998,0.0,NBA008,12.1,1
248,249,35,4,10,45,1.04,2.785,,NBA012,8.5,3
249,250,28,4,1,26,0.377,2.847,0.0,NBA003,12.4,3
250,251,28,1,8,30,0.613,1.547,0.0,NBA006,7.2,5
251,252,26,3,2,37,0.205,5.0489999999999995,0.0,NBA001,14.2,3
252,253,39,1,10,31,0.185,1.3030000000000002,0.0,NBA004,4.8,5
253,254,34,2,3,21,1.402,3.449,0.0,NBA008,23.1,5
254,255,51,3,16,82,2.605,1.003,0.0,NBA025,4.4,1
255,256,28,2,3,41,5.897,4.394,1.0,NBA004,25.1,6
256,257,39,1,20,39,0.774,2.424,0.0,NBA012,8.2,1
257,258,23,1,3,19,0.27899999999999997,1.317,1.0,NBA000,8.4,0
258,259,23,1,3,13,0.046,0.35700000000000004,,NBA004,3.1,5
259,260,21,1,4,26,1.421,0.893,0.0,NBA000,8.9,5
260,261,40,1,3,23,0.409,1.178,0.0,NBA013,6.9,5
261,262,26,4,1,92,6.506,5.454,,NBA005,13.0,3
262,263,32,2,12,54,3.196,4.58,0.0,NBA001,14.4,1
263,264,29,3,3,50,0.259,0.941,1.0,NBA003,2.4,0
264,265,43,1,25,64,0.951,9.737,0.0,NBA021,16.7,4
265,266,55,1,3,40,0.563,2.637,1.0,NBA011,8.0,0
266,267,30,1,12,40,1.249,1.551,,NBA004,7.0,5
267,268,38,3,15,63,5.091,3.3510000000000004,0.0,NBA018,13.4,4
268,269,40,1,2,28,0.185,1.8030000000000002,0.0,NBA003,7.1,5
269,270,43,1,12,38,0.129,1.239,0.0,NBA011,3.6,1
270,271,35,2,1,24,0.591,2.4090000000000003,1.0,NBA008,12.5,0
271,272,24,1,8,24,0.382,0.818,0.0,NBA004,5.0,5
272,273,35,1,11,40,0.5720000000000001,0.588,,NBA009,2.9,5
273,274,39,2,18,47,1.565,2.0069999999999997,,NBA018,7.6,1
274,275,41,2,5,25,0.39299999999999996,2.157,0.0,NBA005,10.2,5
275,276,28,1,2,17,0.19899999999999998,0.226,1.0,NBA002,2.5,0
276,277,24,2,2,28,1.787,3.057,1.0,NBA000,17.3,0
277,278,40,3,3,55,1.751,7.324,1.0,NBA015,16.5,6
278,279,29,1,8,27,0.402,2.244,0.0,NBA006,9.8,5
279,280,26,2,4,28,0.226,2.434,0.0,NBA003,9.5,5
280,281,27,1,5,26,0.13,0.182,,NBA005,1.2,5
281,282,50,1,30,150,13.552999999999999,35.196999999999996,,NBA008,32.5,7
282,283,41,1,15,120,2.659,0.821,0.0,NBA014,2.9,1
283,284,26,1,0,14,0.256,1.214,0.0,NBA000,10.5,5
284,285,48,1,22,100,3.7039999999999997,5.396,0.0,NBA015,9.1,4
285,286,35,2,1,24,0.41700000000000004,1.455,,NBA011,7.8,5
286,287,35,1,15,77,5.501,2.661,0.0,NBA001,10.6,1
287,288,23,1,7,31,0.33799999999999997,1.7080000000000002,0.0,NBA002,6.6,5
288,289,39,2,20,101,0.341,1.073,0.0,NBA017,1.4,1
289,290,38,1,21,58,4.584,4.986000000000001,0.0,NBA016,16.5,4
290,291,30,1,4,33,0.5,0.8859999999999999,0.0,NBA000,4.2,5
291,292,44,2,8,43,0.555,1.595,,NBA018,5.0,1
292,293,33,1,0,23,0.077,0.13,0.0,NBA012,0.9,5
293,294,34,1,15,39,4.373,5.26,1.0,NBA002,24.7,6
294,295,27,2,6,34,0.23800000000000002,1.258,0.0,NBA001,4.4,5
295,296,30,1,1,22,1.139,1.171,0.0,NBA010,10.5,5
296,297,27,2,1,20,0.377,1.683,1.0,NBA000,10.3,0
297,298,29,1,9,30,0.155,2.305,0.0,NBA008,8.2,5
298,299,25,4,1,34,0.133,2.7569999999999997,1.0,NBA001,8.5,0
299,300,41,1,23,91,0.573,11.894,0.0,NBA002,13.7,4
300,301,42,2,11,73,2.8689999999999998,2.095,0.0,NBA005,6.8,1
301,302,38,3,12,64,0.895,2.8169999999999997,0.0,NBA018,5.8,3
302,303,23,1,5,17,0.302,1.041,0.0,NBA002,7.9,5
303,304,33,1,2,24,1.041,1.263,0.0,NBA010,9.6,5
304,305,31,1,2,22,1.739,1.869,1.0,NBA002,16.4,0
305,306,37,2,6,62,1.186,4.084,0.0,NBA013,8.5,5
306,307,40,1,10,45,2.013,6.447,0.0,NBA015,18.8,4
307,308,31,1,3,16,3.065,2.103,,NBA005,32.3,6
308,309,35,2,3,40,1.8030000000000002,5.077,1.0,NBA011,17.2,6
309,310,38,1,6,41,0.266,3.383,0.0,NBA000,8.9,5
310,311,30,2,8,56,0.33299999999999996,3.2510000000000003,0.0,NBA004,6.4,5
311,312,30,1,1,17,0.746,1.124,0.0,NBA008,11.0,5
312,313,44,1,2,22,1.092,1.02,,NBA015,9.6,5
313,314,29,2,3,15,0.147,0.243,0.0,NBA008,2.6,5
314,315,39,1,19,45,0.9159999999999999,0.7490000000000001,0.0,NBA016,3.7,1
315,316,26,1,0,17,0.142,0.708,,NBA005,5.0,5
316,317,36,1,5,27,0.7240000000000001,1.166,,NBA002,7.0,5
317,318,31,2,0,27,1.089,2.367,1.0,NBA004,12.8,0
318,319,38,2,12,40,0.898,1.1420000000000001,,NBA014,5.1,1
319,320,38,1,0,23,0.898,0.965,1.0,NBA008,8.1,0
320,321,41,3,13,91,2.316,20.616,1.0,NBA013,25.2,4
321,322,41,2,2,30,0.113,1.8969999999999998,0.0,NBA022,6.7,5
322,323,45,3,5,94,3.612,6.257999999999999,1.0,NBA017,10.5,6
323,324,24,1,4,23,0.242,0.885,,NBA001,4.9,5
324,325,22,1,4,16,0.084,0.10800000000000001,0.0,NBA001,1.2,5
325,326,34,1,13,56,0.8640000000000001,2.552,0.0,NBA008,6.1,1
326,327,25,1,0,18,0.514,2.888,1.0,NBA002,18.9,0
327,328,29,2,6,18,0.45,0.46799999999999997,1.0,NBA007,5.1,0
328,329,35,2,13,105,1.4180000000000001,0.5770000000000001,0.0,NBA003,1.9,1
329,330,39,1,19,48,1.93,4.3580000000000005,0.0,NBA005,13.1,1
330,331,34,1,17,59,1.808,2.912,0.0,NBA003,8.0,1
331,332,44,2,21,113,3.1919999999999997,11.724,0.0,NBA014,13.2,4
332,333,23,2,0,21,0.7759999999999999,1.618,1.0,NBA002,11.4,0
333,334,46,1,6,31,1.986,1.796,0.0,NBA019,12.2,1
334,335,41,4,9,47,0.43700000000000006,1.913,0.0,NBA013,5.0,3
335,336,52,1,9,24,0.802,3.806,1.0,NBA011,19.2,6
336,337,23,1,1,17,0.012,0.26,0.0,NBA000,1.6,5
337,338,48,1,28,70,4.334,4.066,0.0,NBA025,12.0,4
338,339,35,1,10,24,1.084,4.0280000000000005,,NBA003,21.3,5
339,340,53,2,16,44,1.3330000000000002,1.131,0.0,NBA031,5.6,1
340,341,39,3,11,39,2.5610000000000004,2.47,0.0,NBA017,12.9,3
341,342,37,1,20,56,0.5429999999999999,0.521,0.0,NBA002,1.9,1
342,343,34,1,12,32,0.239,0.625,,NBA015,2.7,5
343,344,49,2,2,20,0.379,3.0010000000000003,1.0,NBA013,16.9,6
344,345,39,1,23,75,3.133,11.042,0.0,NBA001,18.9,4
345,346,42,2,7,41,0.941,0.945,0.0,NBA023,4.6,1
346,347,28,2,1,16,0.574,1.778,0.0,NBA004,14.7,5
347,348,27,3,5,75,2.207,2.5180000000000002,0.0,NBA001,6.3,3
348,349,24,1,2,21,0.025,0.10099999999999999,0.0,NBA001,0.6,5
349,350,34,1,5,33,0.778,1.631,0.0,NBA003,7.3,5
350,351,47,1,31,136,14.231,17.185,1.0,NBA009,23.1,7
351,352,26,4,1,27,0.312,0.47100000000000003,0.0,NBA007,2.9,3
352,353,35,1,17,42,0.09300000000000001,1.167,0.0,NBA004,3.0,1
353,354,31,1,6,33,0.146,1.24,0.0,NBA012,4.2,5
354,355,29,1,13,27,0.069,0.552,0.0,NBA007,2.3,5
355,356,44,1,9,33,0.546,1.17,0.0,NBA020,5.2,1
356,357,40,2,13,102,6.227,13.050999999999998,1.0,NBA011,18.9,4
357,358,36,4,1,30,0.324,3.1260000000000003,0.0,NBA017,11.5,3
358,359,32,3,6,22,0.385,1.089,,NBA012,6.7,3
359,360,21,1,1,18,0.159,2.955,0.0,NBA001,17.3,5
360,361,42,4,15,186,2.404,4.292,0.0,NBA008,3.6,4
361,362,37,2,4,20,0.174,4.166,1.0,NBA011,21.7,6
362,363,24,1,6,21,0.10800000000000001,0.9840000000000001,0.0,NBA002,5.2,5
363,364,24,4,0,29,0.59,1.324,1.0,NBA003,6.6,0
364,365,46,3,4,73,2.2230000000000003,1.719,0.0,NBA017,5.4,3
365,366,28,1,2,16,0.871,1.561,0.0,NBA009,15.2,5
366,367,41,1,16,68,0.44799999999999995,3.2239999999999998,0.0,NBA017,5.4,1
367,368,46,5,15,126,0.47700000000000004,3.429,0.0,NBA000,3.1,3
368,369,51,2,22,120,4.14,4.98,0.0,NBA023,7.6,4
369,370,36,1,17,54,0.727,1.649,0.0,NBA006,4.4,1
370,371,25,1,1,20,0.47200000000000003,0.868,1.0,NBA000,6.7,0
371,372,27,2,3,33,1.633,2.7230000000000003,0.0,NBA005,13.2,5
372,373,43,1,23,72,1.182,4.29,0.0,NBA019,7.6,1
373,374,53,1,6,27,0.594,1.1340000000000001,1.0,NBA007,6.4,0
374,375,32,1,4,16,0.894,3.6660000000000004,1.0,NBA003,28.5,6
375,376,36,1,0,25,2.778,2.147,0.0,NBA013,19.7,5
376,377,29,2,9,30,3.6460000000000004,2.864,,NBA008,21.7,6
377,378,35,1,18,42,0.205,2.903,0.0,NBA002,7.4,1
378,379,32,2,0,18,0.29600000000000004,0.748,1.0,NBA006,5.8,0
379,380,25,2,1,14,0.233,1.153,,NBA003,9.9,5
380,381,42,1,2,30,1.472,1.4380000000000002,0.0,NBA016,9.7,5
381,382,25,1,9,20,0.105,0.595,0.0,NBA002,3.5,5
382,383,20,3,0,17,0.044000000000000004,0.34700000000000003,0.0,NBA001,2.3,3
383,384,50,1,4,23,0.141,2.734,0.0,NBA004,12.5,1
384,385,46,2,22,144,3.325,12.659,0.0,NBA017,11.1,4
385,386,33,1,15,32,0.491,1.9409999999999998,0.0,NBA003,7.6,1
386,387,43,1,19,79,0.782,5.143,0.0,NBA011,7.5,1
387,388,30,2,4,21,0.49200000000000005,3.3510000000000004,0.0,NBA004,18.3,5
388,389,34,1,3,36,0.624,1.068,0.0,NBA014,4.7,5
389,390,37,1,3,25,0.276,0.649,0.0,NBA003,3.7,5
390,391,38,1,4,19,1.245,1.339,0.0,NBA009,13.6,5
391,392,32,2,11,57,5.44,8.126,1.0,NBA004,23.8,6
392,393,39,1,15,39,0.14,0.562,0.0,NBA016,1.8,1
393,394,31,1,7,41,2.9960000000000004,9.591000000000001,1.0,NBA011,30.7,6
394,395,25,1,5,22,0.40299999999999997,1.995,0.0,NBA005,10.9,5
395,396,31,2,12,44,1.867,2.3569999999999998,,NBA008,9.6,5
396,397,29,2,0,23,1.242,0.598,,NBA007,8.0,5
397,398,45,2,21,132,2.5580000000000003,1.402,0.0,NBA026,3.0,1
398,399,39,1,4,38,1.178,1.2919999999999998,0.0,NBA009,6.5,5
399,400,34,1,4,23,0.617,0.6709999999999999,,NBA006,5.6,5
400,401,24,2,3,24,2.173,2.411,0.0,NBA001,19.1,5
401,402,30,1,10,19,0.336,0.5,0.0,NBA002,4.4,5
402,403,30,1,0,19,0.624,2.53,1.0,NBA008,16.6,0
403,404,27,1,0,18,0.583,1.7209999999999999,0.0,NBA007,12.8,5
404,405,31,1,5,25,1.177,2.3480000000000003,0.0,NBA003,14.1,5
405,406,47,3,9,52,2.54,7.912000000000001,1.0,NBA001,20.1,6
406,407,47,2,4,33,1.195,1.148,1.0,NBA009,7.1,0
407,408,45,2,15,51,1.551,7.68,0.0,NBA014,18.1,4
408,409,31,4,7,97,1.827,3.9930000000000003,,NBA012,6.0,3
409,410,45,1,7,29,0.7390000000000001,1.03,,NBA017,6.1,1
410,411,29,1,12,40,1.632,1.048,0.0,NBA002,6.7,5
411,412,36,2,12,60,1.7209999999999999,3.0189999999999997,0.0,NBA013,7.9,1
412,413,29,2,10,44,3.7030000000000003,4.261,0.0,NBA008,18.1,6
413,414,39,1,2,22,1.916,3.1660000000000004,1.0,NBA015,23.1,6
414,415,22,2,0,35,0.7809999999999999,2.369,1.0,NBA001,9.0,0
415,416,46,1,14,35,1.349,2.221,0.0,NBA025,10.2,1
416,417,38,1,21,65,2.533,8.387,,NBA017,16.8,4
417,418,37,1,1,24,1.801,1.8230000000000002,1.0,NBA003,15.1,0
418,419,42,1,12,51,2.412,8.502,0.0,NBA011,21.4,4
419,420,36,1,4,25,0.14400000000000002,0.856,,NBA017,4.0,5
420,421,34,1,18,53,0.84,4.725,0.0,NBA010,10.5,1
421,422,38,3,12,63,5.715,4.365,1.0,NBA014,16.0,6
422,423,27,1,11,21,0.915,1.479,,NBA001,11.4,5
423,424,35,2,9,30,0.65,1.63,0.0,NBA016,7.6,5
424,425,48,1,10,70,10.679,9.061,,NBA000,28.2,4
425,426,45,2,18,35,0.5479999999999999,5.542000000000001,0.0,NBA019,17.4,1
426,427,43,1,4,29,0.053,1.281,0.0,NBA002,4.6,5
427,428,54,1,9,28,1.558,2.5860000000000003,1.0,NBA002,14.8,6
428,429,35,3,7,38,1.383,4.355,0.0,NBA005,15.1,3
429,430,28,1,4,19,0.287,0.49200000000000005,0.0,NBA007,4.1,5
430,431,39,1,16,52,4.16,6.24,0.0,NBA004,20.0,4
431,432,43,1,8,32,1.234,4.846,,NBA000,19.0,1
432,433,32,2,2,15,0.11900000000000001,1.246,1.0,NBA011,9.1,0
433,434,22,3,0,18,0.478,0.9079999999999999,0.0,NBA001,7.7,3
434,435,41,3,18,71,6.566,4.581,1.0,NBA006,15.7,6
435,436,34,2,4,25,0.57,0.88,0.0,NBA010,5.8,5
436,437,34,2,9,27,0.295,0.16399999999999998,0.0,NBA007,1.7,5
437,438,31,1,1,24,0.217,0.863,0.0,NBA001,4.5,5
438,439,55,1,19,78,4.405,7.763,0.0,NBA002,15.6,4
439,440,40,1,21,46,0.9670000000000001,1.885,0.0,NBA021,6.2,1
440,441,41,1,13,44,0.071,0.677,0.0,NBA010,1.7,1
441,442,43,2,10,37,0.6759999999999999,2.469,0.0,NBA024,8.5,1
442,443,36,1,6,26,0.03,2.128,0.0,NBA009,8.3,5
443,444,51,2,31,249,4.273,15.149000000000001,0.0,NBA014,7.8,7
444,445,40,1,17,55,2.126,4.144,,NBA005,11.4,1
445,446,27,3,5,42,2.708,5.65,1.0,NBA004,19.9,6
446,447,36,2,11,49,0.273,0.364,0.0,NBA008,1.3,1
447,448,38,1,5,54,1.5,4.224,0.0,NBA005,10.6,2
448,449,47,1,17,43,0.588,1.82,0.0,NBA021,5.6,1
449,450,33,1,13,42,0.228,1.284,0.0,NBA013,3.6,1
450,451,41,3,12,86,4.9910000000000005,17.799,1.0,NBA011,26.5,6
451,452,33,1,9,29,1.349,2.653,1.0,NBA004,13.8,0
452,453,21,3,0,26,1.53,0.47200000000000003,0.0,NBA001,7.7,3
453,454,34,1,0,21,0.187,1.325,0.0,NBA001,7.2,5
454,455,51,2,27,166,0.821,18.269000000000002,0.0,NBA021,11.5,4
455,456,36,2,0,30,0.32899999999999996,2.5810000000000004,0.0,NBA017,9.7,5
456,457,23,2,0,17,2.044,2.665,1.0,NBA001,27.7,6
457,458,34,1,4,28,1.058,1.574,,NBA003,9.4,2
458,459,29,1,7,22,0.551,1.5830000000000002,0.0,NBA009,9.7,5
459,460,46,3,9,60,1.607,7.574,0.0,NBA010,15.3,4
460,461,45,3,2,39,0.45899999999999996,1.452,0.0,NBA005,4.9,3
461,462,41,3,17,176,11.359000000000002,5.0089999999999995,1.0,NBA012,9.3,7
462,463,28,1,4,16,1.085,2.7230000000000003,0.0,NBA001,23.8,2
463,464,37,1,6,29,1.716,3.011,0.0,NBA009,16.3,2
464,465,25,1,8,35,0.077,0.938,0.0,NBA001,2.9,5
465,466,48,3,0,19,0.85,1.202,0.0,NBA027,10.8,3
466,467,37,3,12,83,0.32,3.083,0.0,NBA008,4.1,3
467,468,32,1,3,23,0.053,1.3730000000000002,0.0,NBA010,6.2,5
468,469,31,1,15,60,0.804,2.076,0.0,NBA002,4.8,1
469,470,48,4,14,59,4.936,4.7989999999999995,1.0,NBA010,16.5,6
470,471,45,1,22,91,1.256,9.391,0.0,NBA024,11.7,4
471,472,41,2,6,36,1.486,3.5180000000000002,,NBA007,13.9,2
472,473,39,1,19,46,2.516,1.67,0.0,NBA008,9.1,1
473,474,41,1,19,96,2.254,5.234,0.0,NBA001,7.8,1
474,475,50,2,15,60,0.46799999999999997,0.192,0.0,NBA031,1.1,1
475,476,22,3,0,23,0.373,1.5590000000000002,1.0,NBA000,8.4,0
476,477,43,2,6,54,0.622,4.562,0.0,NBA024,9.6,1
477,478,33,1,8,27,0.777,0.789,0.0,NBA007,5.8,2
478,479,29,1,11,32,0.927,0.993,0.0,NBA007,6.0,2
479,480,24,1,3,21,2.682,3.387,1.0,NBA003,28.9,6
480,481,27,1,6,52,1.902,5.274,,NBA002,13.8,2
481,482,37,4,1,33,2.694,2.6189999999999998,1.0,NBA014,16.1,6
482,483,34,2,8,78,2.157,2.055,0.0,NBA006,5.4,1
483,484,22,1,1,17,0.8059999999999999,2.356,0.0,NBA003,18.6,2
484,485,41,1,4,25,1.06,1.464,0.0,NBA019,10.1,2
485,486,32,2,7,32,0.433,0.943,0.0,NBA010,4.3,2
486,487,35,1,15,40,1.214,6.186,0.0,NBA011,18.5,1
487,488,41,1,24,100,5.06,6.44,0.0,NBA015,11.5,4
488,489,21,2,1,16,0.242,2.638,1.0,NBA002,18.0,0
489,490,23,1,2,25,0.124,1.001,1.0,NBA001,4.5,0
490,491,25,1,6,22,2.262,2.182,0.0,NBA006,20.2,2
491,492,40,1,12,89,2.772,12.714,0.0,NBA006,17.4,4
492,493,38,1,11,35,1.266,1.534,0.0,NBA013,8.0,1
493,494,49,2,14,63,0.9359999999999999,9.017999999999999,,NBA026,15.8,4
494,495,40,1,13,28,0.965,0.687,0.0,NBA002,5.9,1
495,496,29,2,1,25,0.569,2.031,0.0,NBA007,10.4,2
496,497,25,1,3,18,0.35200000000000004,2.582,1.0,NBA002,16.3,0
497,498,33,1,14,72,15.017000000000001,14.719000000000001,1.0,NBA008,41.3,7
498,499,37,2,11,47,1.597,2.915,,NBA011,9.6,1
499,500,24,1,1,18,0.239,0.823,1.0,NBA000,5.9,0
500,501,29,2,4,37,1.16,1.2819999999999998,1.0,NBA003,6.6,0
501,502,28,2,0,29,2.148,1.709,1.0,NBA007,13.3,0
502,503,37,2,15,108,5.251,7.492999999999999,,NBA011,11.8,4
503,504,47,2,27,107,1.6380000000000001,4.888999999999999,,NBA007,6.1,1
504,505,31,2,2,26,0.28300000000000003,1.485,1.0,NBA001,6.8,0
505,506,28,3,5,44,0.773,3.055,0.0,NBA009,8.7,3
506,507,39,2,15,32,0.42200000000000004,1.146,0.0,NBA019,4.9,1
507,508,33,2,2,35,2.124,5.891,1.0,NBA014,22.9,6
508,509,41,2,19,68,1.507,2.437,0.0,NBA002,5.8,1
509,510,29,2,1,29,2.33,3.818,1.0,NBA007,21.2,6
510,511,31,1,2,22,1.092,1.702,1.0,NBA004,12.7,0
511,512,28,4,0,38,0.636,3.3160000000000003,0.0,NBA005,10.4,3
512,513,35,1,0,34,1.37,2.404,1.0,NBA005,11.1,0
513,514,54,1,25,120,14.595999999999998,17.204,1.0,NBA012,26.5,7
514,515,39,1,19,53,0.19,1.771,,NBA016,3.7,1
515,516,46,1,9,31,1.617,2.661,0.0,NBA023,13.8,1
516,517,23,2,3,22,1.274,1.234,1.0,NBA003,11.4,0
517,518,28,2,6,38,0.774,1.962,0.0,NBA007,7.2,2
518,519,24,1,3,15,0.073,1.6219999999999999,1.0,NBA005,11.3,0
519,520,41,2,7,63,4.638,5.064,0.0,NBA017,15.4,4
520,521,43,2,9,60,4.039,8.201,1.0,NBA005,20.4,6
521,522,27,3,3,35,1.601,3.054,0.0,NBA004,13.3,3
522,523,33,4,4,22,0.5660000000000001,0.644,,NBA012,5.5,3
523,524,28,1,2,18,1.939,0.725,1.0,NBA000,14.8,0
524,525,48,1,13,38,0.722,3.3819999999999997,,NBA011,10.8,1
525,526,35,3,1,20,0.853,0.727,0.0,NBA004,7.9,3
526,527,31,1,11,28,0.345,0.9990000000000001,1.0,NBA006,4.8,0
527,528,42,2,14,48,1.2009999999999998,2.927,1.0,NBA001,8.6,0
528,529,29,1,1,18,1.9809999999999999,2.627,1.0,NBA003,25.6,6
529,530,36,1,4,17,0.521,2.42,0.0,NBA015,17.3,2
530,531,29,1,4,24,0.867,1.005,,NBA000,7.8,2
531,532,31,1,12,31,2.057,5.29,0.0,NBA004,23.7,6
532,533,43,4,18,446,16.031,12.959000000000001,1.0,NBA014,6.5,7
533,534,41,2,13,93,9.542,4.129,,NBA001,14.7,4
534,535,31,1,9,28,0.048,0.624,0.0,NBA010,2.4,2
535,536,31,1,6,45,0.585,2.7,,NBA001,7.3,2
536,537,28,2,2,23,0.187,1.285,1.0,NBA003,6.4,0
537,538,35,1,7,29,0.264,1.157,0.0,NBA014,4.9,2
538,539,38,1,5,21,0.45,1.44,0.0,NBA013,9.0,2
539,540,40,1,14,43,2.793,3.657,1.0,NBA021,15.0,6
540,541,39,1,20,116,2.24,2.516,,NBA008,4.1,1
541,542,38,2,8,38,0.028999999999999998,0.19899999999999998,0.0,NBA016,0.6,2
542,543,27,3,4,40,0.284,0.956,1.0,NBA001,3.1,0
543,544,49,1,11,39,2.458,1.4809999999999999,0.0,NBA005,10.1,1
544,545,38,1,18,45,0.535,2.615,0.0,NBA007,7.0,1
545,546,43,1,16,89,0.159,0.19699999999999998,0.0,NBA007,0.4,1
546,547,36,2,9,49,0.818,3.3960000000000004,1.0,NBA006,8.6,0
547,548,37,1,4,23,0.87,1.982,0.0,NBA000,12.4,2
548,549,46,3,22,99,0.8270000000000001,1.45,0.0,NBA004,2.3,1
549,550,22,2,0,20,0.207,0.9129999999999999,0.0,NBA003,5.6,2
550,551,47,1,13,51,3.739,8.399,0.0,NBA025,23.8,4
551,552,47,3,16,266,2.1919999999999997,3.128,,NBA007,2.0,4
552,553,30,4,2,25,1.77,0.73,0.0,NBA008,10.0,3
553,554,51,2,19,159,1.068,3.384,0.0,NBA025,2.8,1
554,555,28,1,10,42,1.047,2.565,,NBA001,8.6,2
555,556,50,1,6,21,1.317,1.392,,NBA027,12.9,2
556,557,43,1,24,254,7.002000000000001,12.556,,NBA022,7.7,7
557,558,46,2,9,15,0.015,0.63,0.0,NBA026,4.3,1
558,559,29,1,7,20,1.006,2.9539999999999997,1.0,NBA005,19.8,0
559,560,26,1,1,21,0.608,0.42100000000000004,0.0,NBA000,4.9,2
560,561,45,1,14,46,1.262,1.084,,NBA026,5.1,1
561,562,39,1,22,52,1.155,0.509,0.0,NBA003,3.2,1
562,563,30,2,10,22,1.41,2.1319999999999997,0.0,NBA004,16.1,2
563,564,41,3,7,56,0.374,7.746,1.0,NBA006,14.5,6
564,565,25,2,4,27,0.5489999999999999,0.8009999999999999,1.0,NBA005,5.0,0
565,566,34,1,16,48,1.474,2.174,0.0,NBA009,7.6,1
566,567,44,3,7,78,3.153,5.037,,NBA016,10.5,3
567,568,25,1,4,23,0.252,0.9440000000000001,0.0,NBA000,5.2,2
568,569,39,1,20,67,3.8339999999999996,16.668,0.0,NBA009,30.6,4
569,570,26,1,4,20,0.319,0.7609999999999999,0.0,NBA003,5.4,2
570,571,31,1,8,41,0.134,5.032,0.0,NBA003,12.6,2
571,572,40,3,5,220,8.166,27.034000000000002,1.0,NBA003,16.0,7
572,573,42,1,6,31,1.025,2.571,0.0,NBA009,11.6,2
573,574,23,1,1,21,1.21,0.5539999999999999,1.0,NBA000,8.4,0
574,575,34,1,9,48,0.42,4.044,0.0,NBA008,9.3,2
575,576,28,4,0,29,1.425,5.593,0.0,NBA007,24.2,3
576,577,29,1,6,21,1.11,2.6910000000000003,0.0,NBA007,18.1,2
577,578,29,2,3,26,0.5379999999999999,1.048,1.0,NBA006,6.1,0
578,579,24,2,2,26,0.888,1.6340000000000001,1.0,NBA003,9.7,0
579,580,53,1,9,50,2.016,3.5839999999999996,1.0,NBA018,11.2,6
580,581,39,1,19,60,9.593,6.667000000000001,1.0,NBA015,27.1,6
581,582,28,4,2,41,0.45899999999999996,0.5660000000000001,1.0,NBA004,2.5,0
582,583,38,1,16,37,0.083,3.0989999999999998,,NBA008,8.6,1
583,584,39,1,12,46,0.561,1.739,0.0,NBA010,5.0,1
584,585,38,1,18,44,0.606,1.374,0.0,NBA019,4.5,1
585,586,34,4,6,27,1.982,7.5489999999999995,1.0,NBA003,35.3,6
586,587,31,1,11,45,2.739,4.9110000000000005,0.0,NBA012,17.0,2
587,588,40,1,2,32,0.8540000000000001,0.33,0.0,NBA004,3.7,2
588,589,32,1,8,26,0.326,0.74,0.0,NBA006,4.1,2
589,590,35,2,12,64,1.45,8.15,,NBA012,15.0,4
590,591,29,2,3,32,1.071,1.8090000000000002,,NBA009,9.0,2
591,592,44,2,12,86,1.476,9.704,0.0,NBA005,13.0,4
592,593,48,2,9,44,2.134,0.462,,NBA022,5.9,1
593,594,41,2,6,36,4.513999999999999,2.506,1.0,NBA000,19.5,6
594,595,28,1,0,28,2.2840000000000003,7.04,1.0,NBA002,33.3,6
595,596,29,1,3,23,1.104,1.035,,NBA010,9.3,2
596,597,24,1,1,16,0.878,0.27399999999999997,,NBA004,7.2,2
597,598,25,1,9,18,0.066,0.15,0.0,NBA004,1.2,2
598,599,43,2,16,83,0.259,3.1439999999999997,0.0,NBA010,4.1,1
599,600,45,1,12,37,1.3430000000000002,2.1719999999999997,0.0,NBA019,9.5,1
600,601,35,1,13,35,0.43200000000000005,1.143,0.0,NBA015,4.5,2
601,602,34,1,13,51,1.875,3.0210000000000004,0.0,NBA011,9.6,2
602,603,29,1,2,14,0.5870000000000001,1.429,1.0,NBA000,14.4,0
603,604,32,2,11,75,7.7589999999999995,9.716000000000001,1.0,NBA006,23.3,6
604,605,27,3,6,26,0.93,1.774,0.0,NBA004,10.4,3
605,606,39,1,16,57,1.5590000000000002,9.499,0.0,NBA020,19.4,4
606,607,37,4,2,29,2.782,1.6840000000000002,,NBA001,15.4,3
607,608,31,4,1,29,1.065,2.154,0.0,NBA006,11.1,3
608,609,28,1,4,28,0.43700000000000006,3.5389999999999997,1.0,NBA002,14.2,0
609,610,27,2,8,38,0.364,2.258,0.0,NBA004,6.9,2
610,611,31,1,8,27,0.674,0.784,,NBA004,5.4,2
611,612,31,1,9,26,0.31,0.86,0.0,NBA005,4.5,2
612,613,32,1,0,20,0.263,0.337,1.0,NBA004,3.0,0
613,614,29,2,9,36,0.127,0.377,0.0,NBA003,1.4,2
614,615,31,2,9,53,1.195,5.96,0.0,NBA008,13.5,2
615,616,32,2,5,43,1.806,4.644,1.0,NBA005,15.0,0
616,617,39,1,6,42,2.541,5.817,1.0,NBA019,19.9,6
617,618,27,2,7,30,0.44799999999999995,0.752,1.0,NBA008,4.0,0
618,619,29,1,13,42,1.4580000000000002,1.65,1.0,NBA001,7.4,0
619,620,31,1,11,34,0.298,2.0140000000000002,0.0,NBA006,6.8,2
620,621,41,2,22,75,9.877,7.8229999999999995,0.0,NBA017,23.6,4
621,622,30,1,1,27,1.275,2.046,,NBA001,12.3,2
622,623,35,2,0,22,1.97,1.33,1.0,NBA016,15.0,0
623,624,38,2,2,22,1.209,3.785,1.0,NBA016,22.7,6
624,625,29,1,1,17,0.157,0.982,0.0,NBA009,6.7,2
625,626,37,1,7,32,2.697,3.575,0.0,NBA003,19.6,2
626,627,26,1,8,25,0.21,0.965,0.0,NBA004,4.7,2
627,628,27,1,0,16,0.13,0.046,0.0,NBA005,1.1,2
628,629,42,2,18,66,1.641,4.695,0.0,NBA023,9.6,1
629,630,45,3,8,140,4.184,15.276,,NBA001,13.9,4
630,631,51,4,15,26,2.012,1.524,,NBA030,13.6,3
631,632,36,1,10,28,0.815,2.3209999999999997,1.0,NBA000,11.2,0
632,633,48,1,17,66,1.4680000000000002,0.644,0.0,NBA022,3.2,1
633,634,45,1,10,52,0.932,1.876,0.0,NBA014,5.4,1
634,635,47,1,16,110,5.821000000000001,8.039,,NBA019,12.6,4
635,636,26,1,6,22,0.721,1.545,0.0,NBA000,10.3,2
636,637,35,1,12,30,1.899,2.721,,NBA003,15.4,2
637,638,50,3,10,80,2.479,7.281000000000001,0.0,NBA020,12.2,4
638,639,30,1,11,33,0.682,2.09,0.0,NBA001,8.4,2
639,640,49,2,22,79,0.28800000000000003,5.479,0.0,NBA004,7.3,1
640,641,36,1,1,16,0.433,1.055,0.0,NBA004,9.3,2
641,642,24,2,3,19,0.359,0.45799999999999996,0.0,NBA000,4.3,2
642,643,42,5,6,190,3.157,11.663,0.0,NBA023,7.8,4
643,644,28,2,0,30,0.121,1.319,1.0,NBA003,4.8,0
644,645,52,2,12,76,0.995,4.857,0.0,NBA016,7.7,1
645,646,39,2,9,56,4.765,5.707000000000001,0.0,NBA016,18.7,4
646,647,40,2,15,138,1.222,4.436,,NBA019,4.1,1
647,648,29,2,0,22,1.0390000000000001,1.7990000000000002,1.0,NBA008,12.9,0
648,649,40,1,8,28,0.534,0.474,0.0,NBA017,3.6,2
649,650,27,1,10,34,0.851,1.359,0.0,NBA006,6.5,2
650,651,24,3,2,16,0.27,0.754,1.0,NBA005,6.4,0
651,652,26,2,5,28,1.024,1.16,0.0,NBA007,7.8,2
652,653,40,3,16,116,1.614,12.422,0.0,NBA006,12.1,4
653,654,50,2,16,71,1.663,6.218,0.0,NBA014,11.1,4
654,655,30,1,0,20,0.622,0.45799999999999996,,NBA002,5.4,2
655,656,26,2,6,30,0.14400000000000002,0.156,0.0,NBA006,1.0,2
656,657,35,1,10,28,0.11,0.254,,NBA008,1.3,2
657,658,37,3,16,50,7.32,10.98,1.0,NBA014,36.6,6
658,659,52,5,9,70,1.329,5.251,1.0,NBA000,9.4,3
659,660,24,1,5,46,0.53,1.218,,NBA001,3.8,2
660,661,28,1,3,26,0.43200000000000005,2.168,0.0,NBA006,10.0,2
661,662,29,2,6,57,0.45299999999999996,0.8009999999999999,0.0,NBA007,2.2,2
662,663,35,1,11,77,1.1,2.519,,NBA012,4.7,2
663,664,54,1,18,114,3.295,6.395,0.0,NBA034,8.5,4
664,665,32,1,10,32,1.168,2.448,0.0,NBA013,11.3,2
665,666,32,1,11,53,0.08900000000000001,1.66,0.0,NBA002,3.3,2
666,667,36,1,14,81,1.785,4.047,0.0,NBA011,7.2,1
667,668,31,1,12,24,0.442,1.1420000000000001,0.0,NBA009,6.6,2
668,669,28,1,11,24,0.107,0.469,0.0,NBA006,2.4,2
669,670,34,1,10,33,2.502,0.897,1.0,NBA001,10.3,0
670,671,53,4,7,61,1.875,2.944,0.0,NBA011,7.9,3
671,672,50,1,8,47,0.39899999999999997,2.844,0.0,NBA027,6.9,1
672,673,52,4,13,234,7.3870000000000005,10.630999999999998,0.0,NBA017,7.7,7
673,674,30,2,4,15,0.35,0.625,0.0,NBA008,6.5,2
674,675,26,2,0,28,1.271,1.3330000000000002,0.0,NBA007,9.3,2
675,676,42,2,21,121,1.365,2.386,0.0,NBA011,3.1,1
676,677,27,1,6,43,0.883,1.224,0.0,NBA006,4.9,2
677,678,41,1,14,52,0.9259999999999999,2.87,0.0,NBA008,7.3,1
678,679,27,1,10,31,1.3619999999999999,4.001,0.0,NBA006,17.3,2
679,680,32,1,12,33,0.795,2.9010000000000002,,NBA010,11.2,2
680,681,37,1,12,44,2.995,3.4730000000000003,0.0,NBA014,14.7,2
681,682,29,1,3,17,0.47,1.06,0.0,NBA001,9.0,2
682,683,27,1,9,45,2.852,5.1579999999999995,1.0,NBA006,17.8,6
683,684,50,3,25,94,1.734,3.248,,NBA007,5.3,1
684,685,21,3,0,24,0.833,1.015,0.0,NBA002,7.7,3
685,686,41,4,14,44,0.353,0.395,0.0,NBA003,1.7,3
686,687,23,2,1,18,0.885,2.481,1.0,NBA003,18.7,0
687,688,45,2,9,69,0.7070000000000001,3.9160000000000004,0.0,NBA026,6.7,1
688,689,45,2,2,29,0.44299999999999995,1.123,0.0,NBA019,5.4,2
689,690,33,1,6,21,0.5670000000000001,1.008,0.0,NBA014,7.5,2
690,691,21,1,1,16,0.141,0.867,0.0,NBA001,6.3,2
691,692,40,1,6,36,0.391,0.365,1.0,NBA009,2.1,0
692,693,40,2,3,28,0.5529999999999999,2.1069999999999998,0.0,NBA002,9.5,2
693,694,56,1,11,59,4.673,4.177,0.0,NBA020,15.0,4
694,695,26,1,2,22,0.237,1.171,,NBA005,6.4,2
695,696,29,1,6,46,1.17,1.314,0.0,NBA004,5.4,2
696,697,29,2,6,65,1.985,9.975,0.0,NBA010,18.4,4
697,698,39,1,13,27,0.966,1.194,0.0,NBA009,8.0,2
698,699,27,2,1,23,0.285,2.5669999999999997,0.0,NBA000,12.4,2
699,700,25,1,1,15,0.371,1.339,1.0,NBA006,11.4,0
700,701,36,5,5,20,0.7290000000000001,0.8909999999999999,0.0,NBA012,8.1,3
701,702,35,1,7,39,1.702,4.577,1.0,NBA005,16.1,6
702,703,25,2,4,33,0.5529999999999999,1.163,0.0,NBA006,5.2,2
703,704,21,2,2,20,0.29100000000000004,0.609,1.0,NBA000,4.5,0
704,705,23,1,2,16,0.805,0.731,1.0,NBA002,9.6,0
705,706,32,1,14,73,3.752,2.6719999999999997,0.0,NBA007,8.8,2
706,707,34,1,0,20,2.049,1.371,0.0,NBA010,17.1,2
707,708,38,1,5,20,0.091,0.20800000000000002,,NBA004,1.5,2
708,709,39,1,22,73,3.727,6.712000000000001,0.0,NBA009,14.3,4
709,710,46,1,1,21,1.3769999999999998,1.7309999999999999,1.0,NBA015,14.8,0
710,711,35,2,10,98,4.875,8.158999999999999,0.0,NBA016,13.3,4
711,712,33,4,9,28,0.377,0.8270000000000001,0.0,NBA010,4.3,3
712,713,30,2,12,68,2.8569999999999998,10.811,0.0,NBA009,20.1,4
713,714,54,3,21,118,9.6,7.392,0.0,NBA020,14.4,4
714,715,42,2,5,41,0.355,1.0390000000000001,0.0,NBA003,3.4,2
715,716,28,1,9,22,5.2829999999999995,0.8109999999999999,1.0,NBA000,27.7,6
716,717,35,1,9,34,0.39799999999999996,1.3019999999999998,0.0,NBA001,5.0,2
717,718,41,3,16,135,1.2770000000000001,4.663,0.0,NBA022,4.4,1
718,719,41,1,16,49,0.431,0.353,0.0,NBA022,1.6,1
719,720,53,4,5,78,6.936,6.558,1.0,NBA029,17.3,6
720,721,28,1,4,26,1.295,2.215,0.0,NBA007,13.5,2
721,722,35,1,5,32,0.175,3.985,0.0,NBA005,13.0,2
722,723,42,1,7,25,1.629,0.9209999999999999,0.0,NBA012,10.2,2
723,724,33,1,11,35,0.506,5.059,,NBA006,15.9,2
724,725,27,3,0,50,1.044,6.306,,NBA004,14.7,3
725,726,48,2,30,148,3.975,6.681,0.0,NBA014,7.2,4
726,727,33,1,2,44,0.525,0.8390000000000001,0.0,NBA014,3.1,2
727,728,37,1,6,31,1.7009999999999998,1.926,1.0,NBA010,11.7,0
728,729,31,1,5,23,0.046,0.414,,NBA007,2.0,2
729,730,35,3,10,39,1.6019999999999999,2.454,0.0,NBA015,10.4,3
730,731,48,2,6,66,2.316,5.67,0.0,NBA001,12.1,4
731,732,34,1,16,75,3.955,3.845,0.0,NBA003,10.4,1
732,733,23,2,2,48,0.511,3.089,,NBA002,7.5,2
733,734,41,2,8,43,0.086,0.215,0.0,NBA021,0.7,2
734,735,52,1,33,139,2.2880000000000003,5.496,,NBA023,5.6,4
735,736,39,1,6,61,0.563,2.9139999999999997,0.0,NBA009,5.7,2
736,737,46,1,1,20,0.809,1.9909999999999999,0.0,NBA012,14.0,2
737,738,33,2,4,55,2.16,1.69,0.0,NBA009,7.0,2
738,739,34,3,2,39,1.143,4.005,0.0,NBA014,13.2,3
739,740,34,3,12,47,1.301,1.848,0.0,NBA008,6.7,3
740,741,40,1,9,33,4.881,0.7290000000000001,,NBA009,17.0,2
741,742,45,3,16,80,0.912,1.4880000000000002,0.0,NBA021,3.0,1
742,743,25,1,1,19,0.19,1.121,0.0,NBA001,6.9,2
743,744,31,2,6,32,3.341,4.051,1.0,NBA006,23.1,6
744,745,34,4,7,40,0.95,1.61,0.0,NBA015,6.4,3
745,746,45,1,23,50,0.5589999999999999,1.541,0.0,NBA005,4.2,1
746,747,44,2,17,129,0.551,2.674,0.0,NBA000,2.5,1
747,748,35,1,13,42,0.769,6.622999999999999,,NBA004,17.6,2
748,749,22,2,0,14,0.242,2.1519999999999997,,NBA000,17.1,2
749,750,26,3,3,40,1.896,2.424,,NBA001,10.8,3
750,751,38,1,6,18,0.131,2.209,0.0,NBA017,13.0,2
751,752,27,1,7,26,0.6409999999999999,1.725,0.0,NBA004,9.1,2
752,753,29,1,11,36,0.7090000000000001,1.4869999999999999,0.0,NBA005,6.1,2
753,754,29,2,5,28,2.126,3.11,0.0,NBA007,18.7,2
754,755,22,1,4,24,1.636,2.108,1.0,NBA002,15.6,0
755,756,47,1,4,26,0.122,2.582,0.0,NBA002,10.4,2
756,757,27,2,5,25,0.706,0.995,0.0,NBA006,6.8,2
757,758,24,1,2,18,0.528,0.552,0.0,NBA005,6.0,2
758,759,52,1,17,73,1.054,5.297000000000001,,NBA004,8.7,1
759,760,26,1,3,29,2.5269999999999997,4.926,1.0,NBA005,25.7,6
760,761,40,1,22,100,5.402,9.198,0.0,NBA001,14.6,4
761,762,33,2,12,58,3.0839999999999996,7.587999999999999,0.0,NBA008,18.4,4
762,763,30,1,0,17,0.304,1.736,0.0,NBA011,12.0,2
763,764,39,2,16,69,1.061,0.595,0.0,NBA013,2.4,1
764,765,24,2,0,16,0.025,1.143,0.0,NBA005,7.3,2
765,766,27,4,0,70,1.618,3.9819999999999998,1.0,NBA006,8.0,0
766,767,38,2,7,64,0.6509999999999999,1.2690000000000001,0.0,NBA004,3.0,2
767,768,36,1,9,40,1.976,1.944,0.0,NBA001,9.8,2
768,769,39,1,4,33,0.397,1.913,0.0,NBA015,7.0,2
769,770,43,1,13,76,2.151,2.485,1.0,NBA023,6.1,1
770,771,24,1,8,17,0.569,0.38299999999999995,1.0,NBA000,5.6,0
771,772,21,1,5,25,0.36700000000000005,1.883,0.0,NBA001,9.0,2
772,773,26,2,2,24,1.577,1.6869999999999998,1.0,NBA006,13.6,0
773,774,43,1,11,37,0.18,0.301,0.0,NBA017,1.3,2
774,775,36,3,11,44,0.446,6.022,0.0,NBA012,14.7,3
775,776,43,1,15,62,0.6940000000000001,5.1339999999999995,,NBA021,9.4,1
776,777,35,2,11,62,9.703,10.385,,NBA001,32.4,4
777,778,34,2,10,33,0.574,2.5610000000000004,0.0,NBA002,9.5,2
778,779,47,2,17,41,0.456,3.4389999999999996,0.0,NBA023,9.5,1
779,780,48,1,0,30,2.6630000000000003,4.027,0.0,NBA023,22.3,2
780,781,29,2,9,46,0.24100000000000002,0.495,0.0,NBA000,1.6,2
781,782,36,1,7,43,1.04,1.626,0.0,NBA002,6.2,2
782,783,35,1,10,39,0.218,2.005,0.0,NBA016,5.7,2
783,784,39,1,13,38,1.8969999999999998,1.485,0.0,NBA001,8.9,2
784,785,41,1,21,76,6.949,8.631,0.0,NBA002,20.5,4
785,786,29,3,1,30,0.27899999999999997,1.071,0.0,NBA010,4.5,3
786,787,39,2,18,44,0.368,0.556,0.0,NBA009,2.1,1
787,788,33,1,12,32,2.105,1.511,0.0,NBA011,11.3,2
788,789,33,2,8,27,1.646,1.0,,NBA013,9.8,2
789,790,39,1,0,39,1.0659999999999998,2.015,0.0,NBA008,7.9,2
790,791,40,2,8,57,0.878,2.314,0.0,NBA019,5.6,2
791,792,53,1,33,324,7.053,15.627,,NBA025,7.0,7
792,793,34,1,15,67,3.741,5.103,0.0,NBA000,13.2,4
793,794,29,3,7,84,6.912000000000001,4.512,1.0,NBA002,13.6,6
794,795,30,1,0,17,0.447,0.182,1.0,NBA011,3.7,0
795,796,38,3,3,25,0.312,0.613,0.0,NBA018,3.7,3
796,797,25,4,0,24,1.597,1.307,1.0,NBA006,12.1,0
797,798,26,2,6,35,0.086,0.579,0.0,NBA000,1.9,2
798,799,25,2,5,35,1.969,3.806,,NBA005,16.5,2
799,800,29,1,8,24,0.47,1.138,0.0,NBA010,6.7,2
800,801,28,1,5,22,0.14,0.47600000000000003,0.0,NBA009,2.8,2
801,802,48,1,30,101,1.875,4.5889999999999995,0.0,NBA008,6.4,1
802,803,26,1,0,14,0.302,0.748,1.0,NBA000,7.5,0
803,804,36,1,4,23,1.327,2.4219999999999997,0.0,NBA010,16.3,2
804,805,30,1,12,38,0.171,3.0589999999999997,0.0,NBA010,8.5,2
805,806,41,1,1,19,0.242,0.594,0.0,NBA016,4.4,2
806,807,34,3,13,52,1.4969999999999999,3.287,0.0,NBA007,9.2,3
807,808,25,3,3,54,1.163,2.833,,NBA002,7.4,3
808,809,45,1,17,62,2.437,6.8629999999999995,0.0,NBA000,15.0,4
809,810,22,1,4,19,1.8869999999999998,2.502,1.0,NBA003,23.1,0
810,811,32,1,13,25,0.596,1.2790000000000001,,NBA011,7.5,2
811,812,21,2,1,17,0.555,1.23,,NBA000,10.5,2
812,813,34,1,6,20,0.042,0.198,0.0,NBA001,1.2,2
813,814,31,1,10,49,3.237,1.565,1.0,NBA012,9.8,0
814,815,33,1,7,22,0.631,0.777,0.0,NBA000,6.4,2
815,816,40,2,2,36,0.278,1.09,0.0,NBA001,3.8,2
816,817,36,2,6,27,0.262,0.98,1.0,NBA015,4.6,0
817,818,30,2,2,26,0.249,0.7390000000000001,,NBA002,3.8,2
818,819,35,2,0,35,2.383,1.9569999999999999,,NBA006,12.4,2
819,820,36,1,7,40,1.695,2.265,0.0,NBA017,9.9,2
820,821,37,1,4,24,0.419,2.989,,NBA010,14.2,2
821,822,32,1,16,38,0.6940000000000001,7.2860000000000005,0.0,NBA010,21.0,2
822,823,45,1,3,20,0.105,0.315,0.0,NBA015,2.1,2
823,824,27,4,0,25,1.419,1.756,1.0,NBA000,12.7,0
824,825,41,2,4,26,1.473,3.5189999999999997,1.0,NBA014,19.2,6
825,826,32,2,12,116,4.027,2.585,,NBA011,5.7,2
826,827,48,1,13,50,6.114,9.286,1.0,NBA020,30.8,6
827,828,50,1,1,26,1.8519999999999999,1.8659999999999999,0.0,NBA026,14.3,2
828,829,45,3,0,22,0.03,0.894,0.0,NBA019,4.2,3
829,830,33,2,2,37,0.8340000000000001,0.831,0.0,NBA009,4.5,2
830,831,33,1,13,52,2.714,8.362,1.0,NBA003,21.3,6
831,832,27,2,8,18,0.401,1.7409999999999999,0.0,NBA007,11.9,2
832,833,36,2,7,43,2.6489999999999996,3.9730000000000003,0.0,NBA016,15.4,2
833,834,30,4,7,30,0.264,4.446000000000001,0.0,NBA010,15.7,3
834,835,28,2,3,36,0.384,2.7119999999999997,0.0,NBA001,8.6,2
835,836,21,3,0,41,2.367,5.627999999999999,,NBA001,19.5,3
836,837,23,2,3,24,0.552,0.96,0.0,NBA004,6.3,2
837,838,23,1,7,22,0.8490000000000001,2.319,0.0,NBA003,14.4,2
838,839,26,1,10,25,1.306,0.469,0.0,NBA001,7.1,2
839,840,31,1,8,22,0.37,1.104,0.0,NBA001,6.7,2
840,841,38,3,13,25,0.34299999999999997,1.082,0.0,NBA018,5.7,3
841,842,29,3,7,63,0.5720000000000001,2.8930000000000002,0.0,NBA001,5.5,3
842,843,32,1,14,36,0.273,0.591,0.0,NBA000,2.4,2
843,844,32,2,8,45,0.982,0.6829999999999999,0.0,NBA002,3.7,2
844,845,41,1,7,43,0.6940000000000001,1.198,0.0,NBA011,4.4,2
845,846,27,1,5,26,0.5479999999999999,1.22,,NBA007,6.8,2
846,847,28,2,7,34,0.359,2.021,0.0,NBA002,7.0,2
847,848,25,4,0,18,2.802,3.21,1.0,NBA001,33.4,6
848,849,32,1,12,28,0.11599999999999999,0.696,0.0,NBA012,2.9,2
849,850,52,1,16,64,1.8659999999999999,3.638,0.0,NBA025,8.6,1
